lhs,relationship,rhs
2d,is-a,field
2d,is-used-in-field,graphics
3d,is-a,field
3d,is-used-in-field,graphics
3d,provides-functionality,3d-printing
3d,provides-functionality,game
3d,provides-functionality,virtual-reality
actions,is-a,tool
actions,is-used-in-field,software-development-process
actions,provides-functionality,automation
actions,provides-functionality,cicd
activitypub,is-a,protocol
activitypub,is-focused-on,decentralization
activitypub,is-used-in-field,social-network
activitypub,provides-functionality,client-server-api
activitypub,provides-functionality,communication
ada,is-a,programming-language
advent-of-code,is-a,event
agile,is-focused-on,flexibility
agile,is-focused-on,speed
agile,is-used-in-field,software-development-process
agile,provides-functionality,project-management
ai,is-a,field
ai,is-used-in-field,scientific
ajax,is-a,standard
ajax,is-a,tool
ajax,is-used-in-field,mobile
ajax,is-used-in-field,web-development
ajax,provides-functionality,dynamic
ajax,provides-functionality,web-page
ajax,works-with,html
ajax,works-with,javascript
ajax,works-with,json
ajax,works-with,xml
algolia,is-a,api
algolia,is-a,saas
algolia,is-a,search-engine
algolia,is-used-in-field,mobile
algolia,is-used-in-field,web-development
algolia,provides-functionality,information-retrieval
algolia,provides-functionality,search
algolia,works-with,cpp
algorithm,is-a,cs-basics
algorithm,is-used-in-field,education
algorithm,is-used-in-field,mathematics
algorithm,works-with,data-structures
algorithm,works-with,flowchart
algorithm,works-with,python
altium-designer,is-a,software
altium-designer,is-used-in-field,electronics
altium-designer,provides-functionality,design
amazon,is-a,company
amazon,is-focused-on,cloud-computing
amazon,is-focused-on,ecommerce
amazon,provides-product,aws
amphp,is-a,framework
amphp,is-used-in-field,web-development
amphp,provides-functionality,concurrency
amphp,provides-functionality,event-driven
amphp,works-with,php
android,is-a,operating-system
android,is-a,platform
android,is-used-in-field,mobile
android,works-with,c
android,works-with,cpp
android,works-with,java
angular,is-a,framework
angular,is-used-in-field,desktop
angular,is-used-in-field,mobile
angular,is-used-in-field,web-development
angular,provides-functionality,frontend
angular,works-with,javascript
anidb,has-property,non-profit
anidb,is-a,catalogue
anidb,is-a,database
anidb,is-a,forum
anidb,is-a,tracker
anidb,is-used-in-field,entertainment
animal-crossing,is-a,game
animal-crossing,is-used-in-field,entertainment
animal-crossing,provides-functionality,entertainment
animation,is-used-in-field,frontend
animation,is-used-in-field,graphics
anki,has-license,gnu-agpl-license
anki,has-license,gnu-gpl-license
anki,has-property,cross-platform
anki,has-property,foss
anki,has-property,open-source
anki,is-a,application
anki,is-used-in-field,education
anki,provides-functionality,education
ansible,has-license,gnu-gpl-license
ansible,has-property,open-source
ansible,is-a,tool
ansible,is-used-in-field,devops
ansible,is-used-in-field,software-development-process
ansible,provided-by,red-hat-software
ansible,provides-functionality,automation
ansible,provides-functionality,cicd
ansible,provides-functionality,configuration
ansible,provides-functionality,management
ansible,provides-functionality,monitoring
ansible,works-with,linux
ansible,works-with,python
ansible,works-with,unix
ansible,works-with,windows
antlr,is-a,tool
antlr,is-used-in-field,software-development
antlr,provides-functionality,parsing
antlr,works-with,java
apache-license,is-a,license
api,is-a,interface
api,provides-functionality,communication
apm,is-a,process
apm,is-used-in-field,software-development-process
apm,provides-functionality,management
apm,provides-functionality,monitoring
apple,is-a,company
archlinux,is-a,operating-system
archlinux,is-based-on,linux
arduino,is-a,company
arduino,is-a,organization
arduino,is-used-in-field,hardware
arduino,provides-product,hardware
arduino,works-with,cpp
asgi,is-based-on,wsgi
asgi,provides-functionality,asynchronous
asgi,works-with,python
aspnet,is-a,framework
aspnet,is-used-in-field,web-development
aspnet,provides-functionality,backend
aspnet,provides-functionality,frontend
aspnet,provides-functionality,website
aspnet,works-with,css
aspnet,works-with,html
aspnet,works-with,javascript
assemblyscript,is-a,compiler
assemblyscript,is-used-in-field,software-development
assemblyscript,works-with,typescript
atom,is-a,text-editor
atom,is-used-in-field,software-development
atom,provided-by,github
atom,works-with,coffeescript
atom,works-with,css
atom,works-with,html
atom,works-with,javascript
aurelia,is-a,framework
aurelia,is-used-in-field,desktop
aurelia,is-used-in-field,mobile
aurelia,is-used-in-field,web-development
aurelia,provides-functionality,component-based
aurelia,provides-functionality,frontend
aurelia,works-with,javascript
aurelia,works-with,typescript
auth0,is-a,service
auth0,is-used-in-field,mobile
auth0,is-used-in-field,web-development
auth0,provides-functionality,authentication
auth0,provides-functionality,security
avalonia,is-a,framework
avalonia,is-used-in-field,desktop
avalonia,is-used-in-field,mobile
avalonia,provides-functionality,frontend
avalonia,provides-functionality,user-experience
avalonia,provides-functionality,user-interface
avalonia,works-with,dotnet
awesome,is-a,artifact
awesomewm,is-a,tool
awesomewm,is-used-in-field,visualization
awesomewm,provides-functionality,management
awesomewm,works-with,c
awesomewm,works-with,x-window
aws,is-a,service
aws,is-used-in-field,cloud-computing
aws,provided-by,amazon
aws,provides-functionality,as-a-service
aws,provides-functionality,distribution
aws,provides-functionality,hosting
azure,is-a,service
azure,is-used-in-field,cloud-computing
azure,provided-by,microsoft
azure,provides-functionality,as-a-service
azure,provides-functionality,management
babel,is-a,compiler
babel,is-used-in-field,software-development
babel,works-with,javascript
babel,works-with,react
backbonejs,has-license,mit-license
backbonejs,has-property,lightweight
backbonejs,has-property,synchronized
backbonejs,is-a,library
backbonejs,is-based-on,mvc
backbonejs,is-used-in-field,mobile
backbonejs,is-used-in-field,web-development
backbonejs,provides-functionality,frontend
backbonejs,provides-functionality,single-page-webapp
backbonejs,works-with,javascript
backbonejs,works-with,react
backbonejs,works-with,rest
backend,is-used-in-field,web-development
backend,works-with,php
backend,works-with,python
backend,works-with,ruby
bash,is-a,cli
bash,works-with,linux
basic8,is-a,fantasy-console
basic8,is-used-in-field,game-development
bioinformatics,is-a,field
bioinformatics,is-used-in-field,ai
bioinformatics,is-used-in-field,scientific
bioinformatics,works-with,biology
bioinformatics,works-with,deep-learning
bioinformatics,works-with,machine-learning
bioinformatics,works-with,pattern-recognition
biological-expression-language,is-a,representation-language
biological-expression-language,is-used-in-field,bioinformatics
biological-expression-language,is-used-in-field,scientific
bitcoin,is-a,cryptocurrency
bitcoin,is-used-in-field,blockchain
bitcoin-cash,is-a,cryptocurrency
bitcoin-cash,is-a,digital-currency
bitcoin-cash,is-used-in-field,blockchain
blockchain,is-a,ledger
blockchain,is-used-in-field,smart-contract
blockchain,provides-functionality,decentralization
blockchain,works-with,cryptography
blocker,provides-functionality,blocking
boilerplate,is-a,template
boilerplate,provides-functionality,reuse
bootstrap,is-a,framework
bootstrap,is-used-in-field,mobile
bootstrap,is-used-in-field,web-development
bootstrap,provides-functionality,frontend
bootstrap,works-with,css
bootstrap,works-with,html
bootstrap,works-with,javascript
bosque,is-a,programming-language
bot,is-a,application
bot,is-used-in-field,mobile
bot,is-used-in-field,web
bot,provides-functionality,automation
bridgetown,is-a,framework
bridgetown,is-based-on,jekyll
bridgetown,provides-functionality,site-generation
bridgetown,provides-product,static-website
bridgetown,works-with,ruby
bsd-license,is-a,license
bugbounty,is-a,deal
bugbounty,is-focused-on,debugging
bulma,is-a,framework
bulma,is-based-on,css
bulma,provides-functionality,frontend
bulma,provides-functionality,responsive
c,is-a,programming-language
cassandra,has-property,distribution
cassandra,is-a,dbms
cassandra,is-used-in-field,database
cassandra,provided-by,apache
cassandra,provides-functionality,nosql
cassandra,works-with,cql
cassandra,works-with,java
cdn,is-focused-on,availability
cdn,is-focused-on,performance
cdn,works-with,cms
cdnjs,has-property,foss
cdnjs,is-a,cdn
cdnjs,is-a,open-source
cdnjs,works-with,http
cdnjs,works-with,https
cdnjs,works-with,spdy
cdnjs,works-with,sri
chatbot,has-property,real-time
chatbot,is-a,application
chatbot,provides-functionality,messaging
chrome,is-a,application
chrome,is-a,browser
chrome,is-used-in-field,web
chrome-extension,is-a,webextension
chrome-extension,is-used-in-field,chrome
chrome-extension,works-with,browser
clash,is-a,proxy
clash,is-a,tunnel
clash,is-used-in-field,network
clash,provides-functionality,networking
clash,works-with,go
cli,is-a,tool
cli,provides-functionality,administration
clojure,is-a,programming-language
clojurescript,is-a,compiler
clojurescript,is-based-on,clojure
clojurescript,is-based-on,javascript
clojurescript,is-focused-on,optimization
clojurescript,is-used-in-field,software-development
clojurescript,provides-functionality,frontend
clojurescript,works-with,clojure
clojurescript,works-with,javascript
cloud-run,is-a,platform
cloud-run,is-a,tool
cloud-run,is-used-in-field,cloud-computing
cloud-run,provides-functionality,container
cloud-run,provides-functionality,deployment
cloud-run,works-with,container
cloud-run,works-with,https
cloud-run,works-with,orchestration
cms,is-a,tool
cms,provides-functionality,content-management
cms,provides-functionality,management
cms,provides-functionality,website-management
coap,has-property,ietf-standard
coap,is-a,protocol
coap,is-a,service-layer-protocol
coap,is-based-on,udp
coap,is-used-in-field,iot
coap,is-used-in-field,mobile
coap,works-with,http
coap,works-with,java
coap,works-with,m2m-app
code-quality,is-a,metric
code-quality,is-used-in-field,software-development-process
code-review,is-a,process
code-review,is-used-in-field,software-development-process
code-review,provides-functionality,code-quality
code-review,provides-functionality,software-quality
codeception,is-a,framework
codeception,is-used-in-field,software-development-process
codeception,provides-functionality,testing
codeception,works-with,php
common-lisp,is-a,programming-language
compiler,is-a,tool
compiler,is-used-in-field,software-development
compiler,provides-functionality,machine-code
compiler,works-with,parse-tree
compiler,works-with,semantic-tree
composer,is-a,package-manager
composer,is-a,tool
composer,is-used-in-field,software-development
composer,works-with,php
computer-vision,is-a,field
computer-vision,is-used-in-field,ai
computer-vision,is-used-in-field,scientific
conan,is-a,package-manager
conan,is-used-in-field,software-development
conan,works-with,c
conan,works-with,cpp
concourse-ci,has-property,open-source
concourse-ci,is-a,platform
concourse-ci,provides-functionality,automation
concourse-ci,provides-functionality,cicd
concourse-ci,works-with,docker
concourse-ci,works-with,postgresql
contentful,is-a,cms
contentful,is-used-in-field,mobile
contentful,is-used-in-field,web-development
continuous-deployment,is-subset-of,cicd
continuous-integration,is-a,practice
continuous-integration,is-subset-of,cicd
continuous-integration,is-used-in-field,software-development-process
continuous-integration,provides-functionality,automation
continuous-integration,works-with,continuous-deployment
coq,is-a,programming-language
coq,is-a,tool
coq,is-based-on,ocaml
coq,is-used-in-field,scientific
coq,provides-functionality,proof
coq,works-with,mathematics
cordova,is-a,framework
cordova,is-used-in-field,mobile
cordova,provides-functionality,native
cordova,works-with,css
cordova,works-with,html
cordova,works-with,javascript
coursera,is-a,organization
coursera,is-used-in-field,education
coursera,provides-functionality,education
covid-19,is-a,disease
covid-19,is-used-in-field,bioinformatics
covid-19,is-used-in-field,scientific
cpp,is-a,programming-language
creative-commons,is-a,license
credo,is-a,tool
credo,is-used-in-field,software-development-process
credo,provides-functionality,code-review
credo,provides-functionality,code-style
credo,provides-functionality,refactoring
credo,provides-functionality,static-code-analysis
credo,works-with,elixir
cryptocurrency,is-a,currency
cryptocurrency,is-a,digital-currency
cryptocurrency,is-used-in-field,blockchain
cryptocurrency,provides-functionality,trading
crystal,is-a,programming-language
csg,is-a,technique
csg,is-used-in-field,graphics
csg,provides-functionality,3d
csharp,is-a,programming-language
css,is-a,style-sheet-language
css,is-used-in-field,web-development
css,provides-functionality,frontend
css,works-with,html
css-modules,is-based-on,css
css-modules,is-focused-on,modularity
css-reset,is-based-on,css
csv,is-a,file-format
csv,provides-functionality,tabular-data
cuda,is-a,platform
cuda,is-based-on,gpu
cuda,provides-functionality,parallel-computing
cwl,is-a,file-format
cwl,is-a,standard
cwl,provides-functionality,analytics
cwl,provides-functionality,workflow
cwl,works-with,cli
cwl,works-with,data-science
cwl,works-with,json
cwl,works-with,yaml
d,is-a,programming-language
dart,is-a,programming-language
data-science,is-a,field
data-science,overlaps-with,ai
data-structures,is-a,cs-basics
data-structures,is-used-in-field,education
data-visualization,is-a,field
data-visualization,is-used-in-field,data-science
data-visualization,is-used-in-field,scientific
data-visualization,provides-functionality,visualization
database,provides-functionality,data-management
database,works-with,dbms
deep-learning,is-a,field
deep-learning,is-subset-of,machine-learning
deep-learning,is-subset-of,neural-network
deep-learning,is-used-in-field,ai
deep-learning,is-used-in-field,bioinformatics
deep-learning,is-used-in-field,image-processing
deep-learning,is-used-in-field,scientific
deep-learning,works-with,python
demoscene,is-a,community
demoscene,is-used-in-field,art
deno,has-license,mit-license
deno,is-a,runtime-environment
deno,is-used-in-field,software-development
deno,provides-functionality,package-manager
deno,works-with,javascript
deno,works-with,linux
deno,works-with,rust
deno,works-with,typescript
deno,works-with,v8
dependency-management,is-a,tool
dependency-management,is-used-in-field,software-development
dependency-management,provides-functionality,management
dependency-management,provides-functionality,package-manager
deployer,has-property,cli
deployer,is-a,tool
deployer,is-based-on,php
deployer,works-with,laravel
deployer,works-with,symfony
deployer,works-with,zend
deployment,is-a,process
deployment,is-used-in-field,software-development-process
discord,has-property,free
discord,is-a,application
discord,is-used-in-field,chat
discord,is-used-in-field,telecommunication
discord,provides-functionality,communication
discord,provides-functionality,game
discord,provides-functionality,streaming
discord,provides-functionality,video-calls
discord,works-with,javascript
discord-js,is-a,library
discord-js,works-with,discord
discord-js,works-with,nodejs
django,is-a,framework
django,is-used-in-field,web-development
django,provides-functionality,backend
django,works-with,python
dle,is-a,cms
dle,is-used-in-field,web-development
docker,is-a,platform
docker,is-used-in-field,software-development
docker,provided-by,dotcloud
docker,provides-functionality,container
docker,provides-functionality,virtualization
docker,works-with,shell
docker,works-with,ubuntu
docker,works-with,windows
documentation,is-used-in-field,education
dotcloud,is-a,company
dotnet,has-license,mixed-license
dotnet,is-a,framework
dotnet,is-focused-on,memory-management
dotnet,is-focused-on,portability
dotnet,is-used-in-field,desktop
dotnet,is-used-in-field,mobile
dotnet,is-used-in-field,software-development
dotnet,provided-by,microsoft
dotnet,works-with,csharp
dotnet,works-with,windows
duckduckgo,is-a,search-engine
duckduckgo,is-focused-on,privacy
duckduckgo,is-used-in-field,web
duckduckgo,provides-functionality,search
ecmascript,is-a,organization
ecmascript,is-focused-on,standard
effector,is-a,state-manager
effector,is-used-in-field,mobile
effector,is-used-in-field,web-development
effector,provides-functionality,user-experience
effector,provides-functionality,user-interface
effector,works-with,javascript
ejs,is-a,language
ejs,is-focused-on,template
ejs,works-with,javascript
elasticsearch,is-a,search-engine
elasticsearch,is-used-in-field,web
elasticsearch,provides-functionality,search
elasticsearch,works-with,lucene
electron,has-property,open-source
electron,is-a,framework
electron,is-used-in-field,desktop
electron,provided-by,github
electron,provides-functionality,backend
electron,provides-functionality,frontend
electron,works-with,cpp
electron,works-with,css
electron,works-with,html
electron,works-with,javascript
electron,works-with,linux
eleventy,is-a,framework
eleventy,is-used-in-field,web-development
eleventy,provides-functionality,site-generation
eleventy,provides-product,static-website
eleventy,works-with,javascript
elite-dangerous,has-property,multiplayer
elite-dangerous,has-property,simulation
elite-dangerous,is-a,game
elixir,is-a,programming-language
elm,is-a,programming-language
emacs,has-property,foss
emacs,has-property,gui
emacs,is-a,text-editor
emacs,is-focused-on,customizability
emacs,is-used-in-field,scientific
emacs,is-used-in-field,software-development
emacs,provides-functionality,self-documenting
emacs,provides-functionality,user-interface
emacs,works-with,lisp
ember,is-a,framework
ember,is-used-in-field,desktop
ember,is-used-in-field,mobile
ember,is-used-in-field,web-development
ember,provides-functionality,frontend
ember,provides-functionality,microservice
ember,works-with,javascript
emoji,is-a,graphics
emoji,is-used-in-field,emotion-analysis
emoji,is-used-in-field,messaging
emoji,is-used-in-field,mobile
emoji,is-used-in-field,nlp
emoji,is-used-in-field,sentiment-analysis
emoji,is-used-in-field,social-media
emoji,is-used-in-field,social-network
emulator,has-property,cross-platform
emulator,is-used-in-field,embedded-systems
emulator,provides-functionality,emulation
emulator,provides-functionality,simulation
end-to-end-encryption,is-focused-on,privacy
end-to-end-encryption,is-used-in-field,communication
end-to-end-encryption,provides-functionality,security
ens,is-a,service
ens,is-used-in-field,blockchain
ens,works-with,ethereum
epics,is-a,tool
epics,is-used-in-field,scientific
epics,provides-functionality,control
epics,provides-functionality,distribution
epitech,is-a,organization
epitech,is-used-in-field,education
erlang,is-a,programming-language
es6,is-a,programming-language
eslint,is-a,linter
eslint,is-a,tool
eslint,is-used-in-field,development
eslint,is-used-in-field,software-development
eslint,provides-functionality,testing
eslint,works-with,javascript
esolang,is-a,programming-language
ethereum,has-property,decentralization
ethereum,has-property,open-source
ethereum,is-a,platform
ethereum,is-used-in-field,blockchain
ethereum,is-used-in-field,digital-currency
ethereum,provides-functionality,smart-contract
express,has-license,mit-license
express,is-a,framework
express,is-used-in-field,backend
express,is-used-in-field,mobile
express,is-used-in-field,web-development
express,provides-functionality,backend
express,works-with,javascript
express,works-with,nodejs
f-droid,has-property,open-source
f-droid,is-a,catalogue
f-droid,is-a,software-repository
f-droid,is-used-in-field,mobile
f-droid,provides-functionality,android
f-droid,works-with,java
f-droid,works-with,python
faas,is-a,as-a-service
faas,is-used-in-field,cloud-computing
fable,is-a,transpiler
fable,works-with,fsharp
fable,works-with,javascript
fabricmc,is-a,tool
fabricmc,is-used-in-field,game-development
fabricmc,provides-functionality,entertainment
fabricmc,works-with,minecraft
fancyzones,is-subset-of,powertoys
fantasy-console,is-a,game-engine
fantasy-console,is-used-in-field,game-development
fantasy-console,provides-functionality,simulation
fantasy-console,provides-functionality,virtualization
fastify,is-a,framework
fastify,is-used-in-field,web-development
fastify,provides-functionality,backend
fastify,works-with,javascript
fastify,works-with,nodejs
feathers,is-a,framework
feathers,provides-functionality,real-time
feathers,provides-functionality,rest
feathers,works-with,javascript
feathers,works-with,typescript
felgo,has-property,cross-platform
felgo,is-a,sdk
felgo,is-based-on,qt
felgo,is-focused-on,flexibility
felgo,provides-functionality,native
felgo,works-with,android
felgo,works-with,desktop
felgo,works-with,ios
felgo,works-with,web
figma,is-a,tool
figma,is-used-in-field,software-development-process
figma,provides-functionality,collaboration
figma,provides-functionality,user-experience
figma,provides-functionality,user-interface
finite-element-method,is-a,method
finite-element-method,is-used-in-field,scientific
firebase,is-a,platform
firebase,is-a,platform
firebase,is-used-in-field,mobile
firebase,is-used-in-field,mobile
firebase,is-used-in-field,web-development
firebase,is-used-in-field,web-development
firebase,provided-by,google
firebase,provides-functionality,frontend
firebase,provides-functionality,frontend
firebase,provides-functionality,software-development
firebase,provides-functionality,software-development
firefox,is-a,application
firefox,is-a,browser
firefox,is-used-in-field,web
firefox,works-with,linux
firefox,works-with,macos
firefox,works-with,windows
firefox-extension,is-a,webextension
firefox-extension,is-used-in-field,firefox
firefox-extension,works-with,browser
firefox-extension,works-with,css
firefox-extension,works-with,html
firefox-extension,works-with,javascript
first,is-a,organization
first,is-used-in-field,competition
first-robotics-competition,is-a,competition
first-tech-challenge,is-a,competition
fish,has-property,open-source
fish,is-a,cli
fish,is-a,shell
fish,works-with,linux
fish,works-with,macos
flask,is-a,framework
flask,is-used-in-field,web-development
flask,provides-functionality,backend
flask,works-with,python
flight,has-property,extensible
flight,has-property,fast
flight,has-property,simple
flight,is-a,framework
flight,provides-functionality,rest
flight,works-with,php
flutter,has-license,bsd-license
flutter,is-a,sdk
flutter,is-used-in-field,mobile
flutter,is-used-in-field,web-development
flutter,provided-by,google
flutter,provides-functionality,user-experience
flutter,provides-functionality,user-interface
flutter,works-with,android
flutter,works-with,cpp
flutter,works-with,ios
font,provides-functionality,editing
font,provides-functionality,styling
fortran,is-a,programming-language
foss,is-subset-of,open-source
framework,has-property,standard
framework,is-used-in-field,software-development
framework,overlaps-with,design-pattern
framework,provides-functionality,development
freeswitch,has-license,mozilla-public-license
freeswitch,has-property,cross-platform
freeswitch,has-property,foss
freeswitch,has-property,real-time
freeswitch,is-a,platform
freeswitch,is-based-on,c
freeswitch,is-used-in-field,contact-center
freeswitch,is-used-in-field,telecommunication
freeswitch,provides-functionality,communication
freeswitch,provides-functionality,encryption
freeswitch,works-with,udp
frontend,is-used-in-field,web-development
frontend,provides-functionality,user-experience
frontend,provides-functionality,user-interface
frontend,provides-functionality,visualization
frontend,works-with,css
frontend,works-with,html
frontend,works-with,javascript
fsharp,is-a,programming-language
game-engine,is-a,framework
game-engine,is-used-in-field,game-development
game-engine,provides-functionality,game-development
game-jam,is-a,hackathon
game-jam,is-used-in-field,game-development
game-off,is-a,event
game-off,is-a,game-jam
game-off,is-used-in-field,game-development
game-off,provided-by,github
game-off,provides-functionality,game-development
gamemaker,has-license,proprietary-license
gamemaker,has-property,cross-platform
gamemaker,has-property,multi-language
gamemaker,is-a,game-engine
gamemaker,is-used-in-field,game-development
gamemaker,is-used-in-field,graphics
gamemaker,provided-by,yoyo-games
gamemaker,provides-functionality,2d
gamemaker,provides-functionality,android
gamemaker,provides-functionality,html
gamemaker,provides-functionality,ios
gamemaker,provides-functionality,linux
gamemaker,provides-functionality,macos
gamemaker,provides-functionality,playstation
gamemaker,provides-functionality,windows
gamemaker,provides-functionality,xbox
gamemaker,works-with,cpp
garrysmod,has-property,cross-platform
garrysmod,is-a,application
garrysmod,is-a,game
garrysmod,is-used-in-field,entertainment
garrysmod,works-with,lua
gatsby,has-property,open-source
gatsby,is-a,framework
gatsby,is-based-on,react
gatsby,is-focused-on,speed
gatsby,is-used-in-field,frontend
gatsby,is-used-in-field,mobile
gatsby,is-used-in-field,web-development
gatsby,provides-functionality,site-generation
gatsby,provides-functionality,website
gatsby,works-with,cms
gatsby,works-with,javascript
generative-adversarial-network,is-a,framework
generative-adversarial-network,is-used-in-field,ai
generative-adversarial-network,is-used-in-field,game
generative-adversarial-network,is-used-in-field,machine-learning
generative-adversarial-network,is-used-in-field,scientific
generative-adversarial-network,works-with,neural-network
getting-things-done,is-a,method
getting-things-done,provides-functionality,management
ghidra,is-a,framework
ghidra,provides-functionality,reverse-engineering
gin,is-a,framework
gin,is-based-on,http
gin,is-focused-on,performance
gin,is-focused-on,speed
gin,is-used-in-field,web-development
gin,provides-functionality,backend
gin,works-with,go
git,is-a,vcs
git,is-used-in-field,software-development-process
git,provides-functionality,management
git,provides-functionality,tracking
git,works-with,source-code
github,is-a,company
github,is-a,platform
github,is-a,software-repository
github,is-a,vcs
github,is-used-in-field,software-development-process
github,works-with,git
github-api,has-property,free
github-api,is-a,api
github-api,is-used-in-field,software-development-process
github-api,works-with,github
github-api,works-with,graphql
github-api,works-with,rest
gitpod,is-a,platform
gitpod,works-with,container
global-game-jam,is-a,event
global-game-jam,is-a,game-jam
global-game-jam,is-used-in-field,game-development
gnu-agpl-license,is-a,gpl
gnu-agpl-license,is-a,license
gnu-gpl-license,is-a,gpl
gnu-gpl-license,is-a,license
gnu-lgpl-license,is-a,gpl
gnu-lgpl-license,is-a,license
go,is-a,programming-language
godot,has-property,cross-platform
godot,is-a,game-engine
godot,is-used-in-field,game-development
godot,provides-functionality,2d
godot,provides-functionality,3d
godot,provides-functionality,android
godot,provides-functionality,html
godot,provides-functionality,ios
godot,provides-functionality,linux
godot,provides-functionality,macos
godot,provides-functionality,windows
godot,works-with,cpp
golem,has-property,open-source
golem,is-a,platform
golem,provides-product,cloud-computing
google,is-a,company
google,is-a,organization
google,provides-product,firebase
google,provides-product,flutter
google-cloud,is-a,platform
google-cloud,is-used-in-field,cloud-computing
gpl,is-a,license
gradescope,has-property,free
gradescope,is-a,online-judge
gradescope,is-a,tool
gradescope,is-a,website
gradescope,is-used-in-field,education
gradescope,provides-functionality,education
gradescope,provides-functionality,grading
gradle,has-property,cross-platform
gradle,has-property,multi-language
gradle,is-a,tool
gradle,is-used-in-field,software-development-process
gradle,provides-functionality,automation
grafana,has-property,open-source
grafana,is-a,platform
grafana,provides-functionality,data-visualization
grafana,works-with,graphite
grafana,works-with,mysql
grafana,works-with,prometheus
graphql,has-property,open-source
graphql,is-a,query-language
graphql,is-used-in-field,database
graphql,is-used-in-field,web-development
graphql,provided-by,facebook
graphql,works-with,database
graphql,works-with,javascript
groovy,is-a,programming-language
grpc,has-property,high-performance
grpc,has-property,open-source
grpc,is-a,framework
grpc,works-with,rpc
gui,is-a,user-interface
gui,provides-functionality,graphics
guildwars2,has-property,multiplayer
guildwars2,is-a,application
guildwars2,is-a,game
guildwars2,is-used-in-field,entertainment
guildwars2,provides-functionality,entertainment
gulp,is-a,tool
gulp,is-used-in-field,frontend
gulp,is-used-in-field,web-development
gulp,provides-functionality,automation
gulp,works-with,javascript
hackathon,is-a,event
hacktoberfest,is-a,event
haskell,is-a,programming-language
haxe,is-a,programming-language
help-desk,is-used-in-field,support
heroku,is-a,platform
heroku,provides-functionality,cloud-computing
heroku,provides-functionality,paas
hms,is-a,service
hms,is-a,tool
hms,is-used-in-field,mobile
hms,works-with,cloud-computing
hms,works-with,iap
hms,works-with,machine-learning
hms,works-with,pushkit
home-assistant,has-property,on-premise
home-assistant,is-a,tool
home-assistant,is-used-in-field,iot
home-assistant,is-used-in-field,smart-home
home-assistant,provides-functionality,automation
home-assistant,provides-functionality,control
home-assistant,provides-functionality,monitoring
home-assistant,provides-functionality,privacy
home-assistant,provides-functionality,smart-home
home-assistant,provides-functionality,user-interface
home-assistant,works-with,android
home-assistant,works-with,cloud-computing
home-assistant,works-with,ios
home-assistant,works-with,python
home-assistant,works-with,raspberry-pi
homebrew,is-a,package-manager
homebrew,works-with,macos
homebridge,has-property,open-source
homebridge,is-a,server
homebridge,is-used-in-field,iot
homebridge,provides-functionality,control
homebridge,works-with,siri
html,is-a,markup-language
html,is-used-in-field,web-development
html,maintained-by,w3c
html,provides-functionality,frontend
html,works-with,css
html,works-with,javascript
http,is-a,protocol
http,is-used-in-field,telecommunication
http,is-used-in-field,web
http,provides-functionality,communication
icon-font,is-a,graphics
icon-font,is-subset-of,font
icon-font,is-subset-of,icons
icon-font,is-used-in-field,frontend
icon-font,provides-functionality,user-interface
image-processing,is-a,field
image-processing,is-subset-of,machine-learning
image-processing,is-used-in-field,ai
image-processing,is-used-in-field,computer-vision
image-processing,is-used-in-field,frontend
image-processing,works-with,algorithm
imagej,has-property,open-source
imagej,is-a,tool
imagej,is-used-in-field,scientific
imagej,provides-functionality,image-processing
imagej,works-with,java
imagej,works-with,linux
imagej,works-with,macos
imagej,works-with,windows
indieweb,is-used-in-field,web-development
indieweb,works-with,php
ios,is-a,operating-system
ios,is-used-in-field,mobile
ipfs,has-property,distribution
ipfs,is-a,file-system
ipfs,is-a,protocol
ipfs,is-used-in-field,network
ipfs,provides-functionality,data-availability
ipfs,provides-functionality,file-sharing
iris,has-property,cross-platform
iris,has-property,free
iris,has-property,open-source
iris,is-a,framework
iris,is-used-in-field,web-development
iris,provides-functionality,backend
iris,works-with,go
irobot,has-license,mit-license
irobot,is-a,company
irobot,is-used-in-field,ai
irobot,is-used-in-field,robotics
irobot,provides-product,robot
jamstack,is-a,approach
jamstack,is-focused-on,cache-management
jamstack,is-used-in-field,web-development
java,is-a,programming-language
javafx,is-a,library
javafx,is-used-in-field,desktop
javafx,is-used-in-field,embedded
javafx,is-used-in-field,mobile
javafx,provides-functionality,user-experience
javafx,provides-functionality,user-interface
javafx,works-with,java
javascript,is-a,programming-language
jekyll,is-a,framework
jekyll,is-used-in-field,web-development
jekyll,provides-functionality,site-generation
jekyll,works-with,ruby
jenkins,is-a,tool
jenkins,is-used-in-field,software-development-process
jenkins,provides-functionality,automation
jenkins,provides-functionality,cicd
jenkins,works-with,java
jquery,is-a,library
jquery,is-used-in-field,web-development
jquery,provides-functionality,frontend
jquery,works-with,javascript
js13kgames,is-a,competition
js13kgames,is-used-in-field,game-development
js13kgames,provides-functionality,html
js13kgames,works-with,javascript
json,is-a,file-format
json,is-a,standard
json,provides-functionality,communication
julia,is-a,programming-language
jupyter-notebook,is-a,tool
jupyter-notebook,is-focused-on,sharing
jupyter-notebook,is-used-in-field,data-science
jupyter-notebook,is-used-in-field,machine-learning
jupyter-notebook,is-used-in-field,scientific
jupyter-notebook,provides-functionality,development
jupyter-notebook,works-with,html
jwt,is-a,protocol
jwt,is-based-on,json
jwt,is-used-in-field,web
jwt,provides-functionality,authorization
jwt,provides-functionality,communication
jwt,provides-functionality,security
kakoune,is-a,text-editor
kentico-kontent,is-a,cms
kentico-kontent,is-used-in-field,mobile
kentico-kontent,is-used-in-field,web-development
keras,has-property,cross-platform
keras,has-property,open-source
keras,is-a,library
keras,is-based-on,python
keras,is-used-in-field,neural-network
keras,works-with,paidml
keras,works-with,python
keras,works-with,r
keras,works-with,tensorflow
keras,works-with,theano
kerbal-space-program,is-a,game
kerbal-space-program,is-used-in-field,entertainment
kerbal-space-program,is-used-in-field,scientific
kivy,has-property,cross-platform
kivy,has-property,open-source
kivy,is-a,framework
kivy,is-based-on,opengl
kivy,provides-functionality,user-interface
kivy,works-with,cython
kivy,works-with,python
koa,is-a,framework
koa,is-used-in-field,web-development
koa,provides-functionality,backend
koa,works-with,javascript
koa,works-with,nodejs
kotlin,is-a,programming-language
kubernetes,has-license,apache-license
kubernetes,has-property,open-source
kubernetes,is-a,tool
kubernetes,is-used-in-field,devops
kubernetes,is-used-in-field,software-development-process
kubernetes,provided-by,google
kubernetes,provides-functionality,automation
kubernetes,provides-functionality,management
kubernetes,provides-functionality,monitoring
kubernetes,works-with,docker
kubernetes,works-with,go
laravel,is-a,framework
laravel,is-used-in-field,web-development
laravel,provides-functionality,backend
laravel,works-with,php
latex,has-license,latex-project-public-license(lppl)
latex,is-a,typesetting-system
latex,provides-functionality,documentation
latex,works-with,compiler
latex-project-public-license(lppl),is-a,license
less,is-a,preprocessor
less,is-a,style-sheet-language
less,is-used-in-field,web-development
less,provides-functionality,css
less,provides-functionality,frontend
less,works-with,javascript
libcloud,is-a,library
libcloud,is-used-in-field,cloud-computing
libcloud,maintained-by,apache
libcloud,provides-functionality,management
libcloud,works-with,python
library,has-property,well-defined
library,provides-functionality,reuse
liko-12,is-a,fantasy-console
liko-12,is-based-on,lua
liko-12,is-used-in-field,game-development
liko-12,works-with,diskos
lineageos,has-property,foss
lineageos,is-a,operating-system
lineageos,is-based-on,android
lineageos,is-based-on,c
lineageos,is-based-on,cpp
lineageos,is-based-on,java
lineageos,is-used-in-field,mobile-device
lineageos,works-with,gerrit
linux,is-a,operating-system
linux,works-with,c
lisp,is-a,programming-language
llvm,is-a,compiler
llvm,is-used-in-field,software-development
llvm,provides-functionality,backend
llvm,provides-functionality,frontend
llvm,works-with,c
llvm,works-with,cpp
llvm,works-with,delphi
llvm,works-with,fortran
llvm,works-with,haskell
llvm,works-with,julia
llvm,works-with,machine-language
localization,is-a,practice
localization,is-used-in-field,software-development
localization,is-used-in-field,user-experience
localization,is-used-in-field,user-interface
lua,is-a,programming-language
ludum-dare,is-a,game-jam
ludum-dare,is-used-in-field,game-development
luvit,is-a,runtime-environment
luvit,is-based-on,c
luvit,is-based-on,nodejs
luvit,is-used-in-field,software-development
luvit,works-with,lua
m2m-app,has-property,cross-platform
m2m-app,is-a,application
m3o,is-a,platform
m3o,is-used-in-field,cloud-computing
machine-learning,is-a,field
machine-learning,is-subset-of,ai
machine-learning,is-used-in-field,ai
machine-learning,is-used-in-field,scientific
machine-learning,provides-functionality,automation
machine-learning,provides-functionality,pattern-recognition
machine-learning,works-with,linear-algebra
machine-learning,works-with,statistical-analysis
macos,has-license,proprietary-license
macos,is-a,operating-system
macos,is-based-on,unix
macos,provided-by,apple
macos,works-with,c
mahapps,is-a,framework
mahapps,is-used-in-field,desktop
mahapps,provides-functionality,user-experience
mahapps,provides-functionality,user-interface
markdown,is-a,markup-language
markdown,is-used-in-field,web-development
markdown,provides-functionality,user-experience
markdown,provides-functionality,user-interface
mastodon,is-a,application
mastodon,is-a,social-network
mastodon,works-with,javascript
mastodon,works-with,rails
mastodon,works-with,react
mastodon,works-with,redux
mastodon,works-with,ruby
material-design,is-used-in-field,desktop
material-design,is-used-in-field,mobile
material-design,is-used-in-field,web-development
material-design,provides-functionality,user-experience
material-design,provides-functionality,user-interface
material-design-for-bootstrap,is-a,framework
material-design-for-bootstrap,is-used-in-field,desktop
material-design-for-bootstrap,is-used-in-field,mobile
material-design-for-bootstrap,is-used-in-field,web-development
material-design-for-bootstrap,provides-functionality,user-experience
material-design-for-bootstrap,provides-functionality,user-interface
matlab,is-a,programming-language
maven,has-license,apache-license
maven,is-a,package-manager
maven,is-a,tool
maven,is-used-in-field,software-development-process
maven,provided-by,apache
maven,provides-functionality,automation
maven,provides-functionality,project-management
maven,works-with,apache
maven,works-with,c
maven,works-with,java
maze,is-a,game
maze,provides-functionality,entertainment
maze,works-with,algorithm
mediawiki,is-a,wiki-engine
mediawiki,provides-functionality,knowledge-management
mediawiki,provides-product,wikipedia
mediawiki,works-with,php
mercury-lang,is-a,programming-language
microformats,is-a,markup-language
microformats,is-used-in-field,user-experience
microformats,is-used-in-field,user-interface
microformats,provides-functionality,frontend
microformats,works-with,html
microsoft,is-a,company
microsoft,is-used-in-field,software-development
microsoft,provides-product,azure
microsoft,provides-product,bing
microsoft,provides-product,linkedin
microsoft,provides-product,microsoft-office
microsoft,provides-product,windows
mikrotik,is-a,company
mikrotik,is-a,organization
mikrotik,is-used-in-field,network
mikrotik,provides-product,network-equipment
mikrotik,works-with,swos
minecraft,is-a,application
minecraft,is-a,game
minecraft,is-used-in-field,entertainment
minecraft,provides-functionality,entertainment
minetest,has-property,open-source
minetest,is-a,game-engine
mit-license,is-a,license
mixed-license,is-a,license
mkdocs,is-a,tool
mkdocs,is-used-in-field,web-development
mkdocs,provides-functionality,documentation
mkdocs,provides-functionality,site-generation
mkdocs,works-with,markdown
mkdocs,works-with,yaml
mobile,is-a,field
molecular-dynamics,is-a,method
molecular-dynamics,is-used-in-field,science
molecular-dynamics,provides-functionality,simulation
molecule,is-a,tool
molecule,is-used-in-field,software-development-process
molecule,provides-functionality,testing
molecule,works-with,ansible
molecule,works-with,docker
moleculer,is-a,framework
moleculer,is-used-in-field,web-development
moleculer,provides-functionality,management
moleculer,provides-functionality,microservice
moleculer,works-with,javascript
monero,has-property,open-source
monero,is-a,cryptocurrency
monero,is-based-on,android
monero,is-focused-on,decentralization
monero,is-focused-on,privacy
monero,is-focused-on,scalability
monero,is-used-in-field,blockchain
monero,works-with,cpp
mongodb,has-license,source-available-license
mongodb,has-property,cross-platform
mongodb,has-property,multi-language
mongodb,is-a,dbms
mongodb,is-used-in-field,database
mongodb,provided-by,navionics
mongodb,provides-functionality,nosql
mongodb,works-with,json
mongoose,has-property,cross-platform
mongoose,is-a,tool
mongoose,is-used-in-field,database
mongoose,provides-functionality,modeling
mongoose,works-with,mongodb
mongoose,works-with,nosql
mongoose,works-with,python
monitoring,is-a,process
monitoring,is-used-in-field,maintenance
monitoring,is-used-in-field,software-development-process
monitoring,provides-functionality,apm
mount-and-blade-bannerlord,is-a,application
mount-and-blade-bannerlord,is-a,game
mount-and-blade-bannerlord,is-used-in-field,entertainment
mozilla-public-license,is-a,license
mvc,is-a,design-pattern
mvc,provides-functionality,modularity
mvvmcross,has-property,cross-platform
mvvmcross,is-a,framework
mvvmcross,is-used-in-field,mobile
mvvmcross,works-with,android
mvvmcross,works-with,dotnet
mvvmcross,works-with,ios
mvvmcross,works-with,uwp
mvvmcross,works-with,wpf
mvvmcross,works-with,xamarin
myanimelist,is-a,forum
myanimelist,is-used-in-field,entertainment
mysql,has-property,open-source
mysql,is-a,dbms
mysql,is-based-on,c
mysql,is-based-on,cpp
mysql,is-used-in-field,database
mysql,provides-functionality,relational
mysql,works-with,c
mysql,works-with,cpp
mysql,works-with,sql
nanocurrency,is-a,cryptocurrency
nasa,is-a,organization
nativescript,has-property,cross-platform
nativescript,is-a,framework
nativescript,is-used-in-field,mobile
nativescript,provides-functionality,frontend
nativescript,works-with,android
nativescript,works-with,angular
nativescript,works-with,ios
nativescript,works-with,javascript
nativescript,works-with,typescript
nativescript,works-with,vue
nativescript,works-with,xml
neo,has-license,mit-license
neo,has-property,distribution
neo,has-property,open-source
neo,is-a,platform
neo,is-used-in-field,blockchain
neo,is-used-in-field,smart-contract
neo,works-with,blockchain
neo,works-with,c
neo4j,has-license,gnu-agpl-license
neo4j,is-a,dbms
neo4j,is-based-on,java
neo4j,is-focused-on,scalability
neo4j,is-subset-of,nosql
neo4j,is-used-in-field,database
neo4j,provides-functionality,data-structures
neo4j,provides-functionality,graph-based
neo4j,works-with,cypher
neo4j,works-with,java
neovim,has-property,open-source
neovim,is-a,text-editor
neovim,is-based-on,vim
neovim,is-used-in-field,software-development
nestjs,is-a,framework
nestjs,is-used-in-field,web-development
nestjs,provides-functionality,backend
nestjs,provides-functionality,oop
nestjs,works-with,javascript
nestjs,works-with,nodejs
nestjs,works-with,typescript
netbox,is-a,tool
netbox,is-used-in-field,network
netbox,provides-functionality,management
netbox-plugin,is-a,addon
netbox-plugin,is-used-in-field,netbox
netfree,is-a,organization
netfree,is-focused-on,security
netlify,has-property,serverless
netlify,is-a,platform
netlify,is-based-on,git
netlify,provides-functionality,automation
netlify,provides-functionality,continuous-deployment
nette,is-a,framework
nette,is-a,tool
nette,is-used-in-field,web-development
nette,provides-functionality,backend
nette,works-with,php
neural-network,is-a,field
neural-network,is-subset-of,machine-learning
neural-network,is-used-in-field,ai
neural-network,is-used-in-field,scientific
nextcloud,has-property,open-source
nextcloud,is-based-on,php
nextcloud,is-focused-on,collaboration
nextcloud,is-focused-on,file-sharing
nextcloud,is-focused-on,synchronization
nextjs,has-property,open-source
nextjs,is-a,framework
nextjs,is-based-on,react
nextjs,is-used-in-field,web-development
nextjs,provides-functionality,frontend
nginx,is-a,server
nginx,is-used-in-field,web
nginx,provides-functionality,cache
nginx,provides-functionality,load-balancing
nginx,provides-functionality,performance
nginx,provides-functionality,proxy
nim,is-a,programming-language
nlp,is-a,field
nlp,is-used-in-field,ai
nlp,is-used-in-field,scientific
nlp,overlaps-with,machine-learning
nodejs,is-a,runtime-environment
nodejs,is-used-in-field,desktop
nodejs,is-used-in-field,mobile
nodejs,is-used-in-field,web-development
nodejs,works-with,javascript
nosql,is-a,database
nosql,is-focused-on,scalability
npm,is-a,package-manager
npm,is-used-in-field,software-development
npm,works-with,nodejs
nuget,has-property,open-source
nuget,is-a,package-manager
nuget,is-a,tool
nuget,is-used-in-field,software-development
nuget,provided-by,microsoft
nuget,works-with,dotnet
numpy,has-property,open-source
numpy,is-a,library
numpy,is-based-on,python
numpy,provides-functionality,mathematics
numpy,works-with,array
numpy,works-with,python
nunjucks,is-a,language
nunjucks,is-based-on,javascript
nunjucks,is-focused-on,template
nuxt,is-a,framework
nuxt,is-used-in-field,mobile
nuxt,is-used-in-field,web-development
nuxt,provides-functionality,frontend
nuxt,works-with,javascript
objective-c,is-a,programming-language
ocaml,is-a,programming-language
online-judge,is-a,tool
online-judge,is-used-in-field,development
online-judge,is-used-in-field,education
online-judge,provides-functionality,grading
open-access,is-a,license
open-access,is-focused-on,sharing
open-access,is-used-in-field,scientific
open-access,provides-functionality,research
open-data,is-a,data
open-data,provides-functionality,redistribution
open-source,is-a,license
openbsd,has-property,free
openbsd,is-a,operating-system
openbsd,is-focused-on,portability
opencv,is-a,library
opencv,is-used-in-field,ai
opencv,is-used-in-field,computer-vision
opencv,is-used-in-field,image-processing
opencv,is-used-in-field,machine-learning
opencv,works-with,c
opencv,works-with,cpp
opencv,works-with,java
opencv,works-with,matlab
opencv,works-with,python
openfin,is-used-in-field,finance
opengl,has-property,cross-language
opengl,has-property,cross-platform
opengl,is-a,api
opengl,is-used-in-field,computer-aided-design(cad)
opengl,is-used-in-field,game-development
opengl,is-used-in-field,simulation
opengl,is-used-in-field,virtual-reality
opengl,is-used-in-field,visualization
opengl,provides-functionality,2d
opengl,provides-functionality,3d
opengl,provides-functionality,simulation
openstreetmap,has-property,collaboration
openstreetmap,is-a,project
openstreetmap,provides-product,map
opentelemetry,has-property,open-source
opentelemetry,is-a,project
opentelemetry,provides-functionality,monitoring
operating-system,is-a,interface
operating-system,provides-functionality,management
operating-system,provides-functionality,operating
operating-system,provides-functionality,resource-allocation
orgmode,is-a,tool
orgmode,provides-functionality,management
p2p,is-a,architecture
p2p,is-used-in-field,distribution
p2p,is-used-in-field,network
p2p,provides-functionality,communication
p2p,provides-functionality,decentralization
p2p,provides-functionality,sharing
paas,is-a,as-a-service
paas,is-a,service
paas,is-subset-of,cloud-computing
package-manager,is-a,tool
package-manager,provides-functionality,dependency-management
package-manager,provides-functionality,management
parsing,is-a,tool
parsing,is-used-in-field,compiler
parsing,is-used-in-field,software-development
parsing,works-with,compiler
parsing,works-with,grammar
perceptual-hashing,is-a,method
perceptual-hashing,provides-functionality,comparison
perceptual-hashing,provides-functionality,identification
perceptual-hashing,works-with,multimedia
perl,is-a,programming-language
pharo,is-a,programming-language
pharo,is-used-in-field,software-development
pharo,works-with,ai
phaser,is-a,framework
phaser,is-a,game-engine
phaser,is-used-in-field,game-development
phaser,provides-functionality,2d
phaser,provides-functionality,html
phaser,works-with,javascript
phaser,works-with,typescript
photogrammetry,is-a,method
photogrammetry,provides-functionality,measurement
photogrammetry,works-with,image
php,is-a,programming-language
php-fusion,has-license,gnu-agpl-license
php-fusion,has-property,foss
php-fusion,is-a,cms
php-fusion,is-a,framework
php-fusion,is-a,site-generation
php-fusion,is-based-on,mysql
php-fusion,is-focused-on,administration
php-fusion,is-used-in-field,web-development
php-fusion,works-with,php
phpunit,is-a,framework
phpunit,is-used-in-field,software-development-process
phpunit,provides-functionality,testing
phpunit,works-with,php
pico-8,has-property,cross-platform
pico-8,is-a,fantasy-console
pico-8,is-a,game-engine
pico-8,is-a,virtual-machine
pico-8,is-used-in-field,game-development
pico-8,provides-functionality,shell
pico-8,works-with,lua
pihole,has-property,open-source
pihole,is-a,ad-blocker
pihole,is-a,dhcp-server
pihole,is-a,dns-server
pihole,is-a,tracker-blocker
pihole,provides-functionality,blocking
pihole,works-with,c
pihole,works-with,docker
pihole,works-with,linux
pihole,works-with,raspberry-pi
pip,is-a,package-manager
pip,is-used-in-field,software-development
pip,works-with,pypi
pip,works-with,python
pixel-art,is-a,art
pixel-art,is-a,graphics
pixel-vision-8,has-property,open-source
pixel-vision-8,is-a,fantasy-console
pixel-vision-8,is-a,game-engine
pixel-vision-8,is-used-in-field,game-development
pixel-vision-8,provides-functionality,frontend
pixel-vision-8,works-with,csharp
pixiv,is-a,community
pixiv,is-used-in-field,art
pixiv,provides-functionality,publishing
playwright,is-a,tool
playwright,provides-functionality,testing
playwright,works-with,chromium
playwright,works-with,firefox
playwright,works-with,webkit
pmmp,is-a,addon
pmmp,is-based-on,php
pmmp,is-used-in-field,game-development
pmmp,works-with,minecraft
point-cloud,is-used-in-field,graphics
point-cloud,provides-functionality,3d
ponylang,is-a,programming-language
portapps,is-a,website
portapps,provides-functionality,windows
portfolio,is-a,website
postgresql,has-license,postgresql-license
postgresql,has-property,cross-platform
postgresql,has-property,foss
postgresql,is-a,dbms
postgresql,is-focused-on,atomicity
postgresql,is-used-in-field,database
postgresql,provides-functionality,relational
postgresql,works-with,sql
postgresql-license,is-a,license
pov-ray,is-a,tool
pov-ray,provides-functionality,graphics
powershell,is-a,cross-platform
powershell,is-a,framework
powershell,is-a,open-source
powershell,provides-functionality,configuration-management
powershell,provides-functionality,task-automation
powershell,works-with,cli
powershell,works-with,shell
powertoys,is-a,tool
powertoys,works-with,windows
privacy,is-used-in-field,security
privacy,provides-functionality,anonymity
privacy,works-with,cryptography
privacy,works-with,encryption
privacy,works-with,security
probot,is-a,framework
probot,is-used-in-field,software-development-process
probot,provides-functionality,automation
probot,works-with,github
probot,works-with,nodejs
product-management,is-a,process
product-management,is-used-in-field,production
product-management,provides-functionality,management
producthunt,is-a,website
producthunt,is-focused-on,sharing
project-management,is-a,process
project-management,is-used-in-field,project
project-management,is-used-in-field,software-development-process
project-management,provides-functionality,management
project-management,provides-functionality,software-quality
proprietary-license,is-a,license
publishing,is-a,process
pug,is-a,language
pug,is-focused-on,template
pug,works-with,html
pug,works-with,nodejs
pulsar,has-property,cloud-native
pulsar,has-property,distribution
pulsar,is-a,platform
pulsar,is-used-in-field,communication
pulsar,provides-functionality,messaging
purescript,is-a,programming-language
pwa,is-a,application
pwa,is-used-in-field,desktop
pwa,is-used-in-field,mobile
pwa,is-used-in-field,web-development
pwa,works-with,css
pwa,works-with,html
pwa,works-with,javascript
python,is-a,programming-language
qmk,is-a,firmware
qt,has-license,gnu-lgpl-license
qt,has-property,cross-platform
qt,is-a,framework
qt,is-a,tool
qt,is-used-in-field,desktop
qt,is-used-in-field,mobile
qt,provided-by,nokia
qt,provides-functionality,user-experience
qt,provides-functionality,user-interface
quarkus,has-property,cloud-native
quarkus,has-property,non-blocking
quarkus,is-a,framework
quarkus,is-based-on,java
quarkus,is-based-on,linux
quarkus,provides-functionality,full-stack
quarkus,works-with,container
quarkus,works-with,openjdk
r,is-a,programming-language
racket,is-a,programming-language
rails,is-a,framework
rails,is-used-in-field,web-development
rails,provides-functionality,backend
rails,works-with,ruby
raku,is-a,programming-language
raspberry-pi,is-a,computer
raspberry-pi,is-a,hardware
raspberry-pi,is-used-in-field,iot
raspberry-pi,is-used-in-field,robotics
raspberry-pi,provides-functionality,education
raspberry-pi,provides-functionality,home-automation
ratchet,is-a,library
ratchet,provides-functionality,communication
ratchet,works-with,php
react,is-a,library
react,is-used-in-field,desktop
react,is-used-in-field,mobile
react,is-used-in-field,web-development
react,provides-functionality,user-experience
react,provides-functionality,user-interface
react,works-with,javascript
react-native,is-a,framework
react-native,is-used-in-field,mobile
react-native,is-used-in-field,web-development
react-native,provides-functionality,frontend
react-native,works-with,javascript
reactiveui,has-property,cross-platform
reactiveui,is-a,framework
reactiveui,is-based-on,mvvm
reactiveui,is-used-in-field,desktop
reactiveui,is-used-in-field,mobile
reactiveui,provides-functionality,user-experience
reactiveui,provides-functionality,user-interface
reactiveui,works-with,dotnet
reactphp,is-a,library
reactphp,provides-functionality,backend
reactphp,provides-functionality,event-driven
reactphp,works-with,php
reason,is-a,programming-language
redis,has-license,bsd-license
redis,has-property,open-source
redis,is-a,dbms
redis,is-a,message-broker
redis,is-used-in-field,database
redis,provides-functionality,nosql
redux,has-property,cross-platform
redux,has-property,open-source
redux,is-a,library
redux,is-a,tool
redux,is-used-in-field,web-development
redux,provides-functionality,debugging
redux,works-with,javascript
redux,works-with,react
reflex-frp,is-a,framework
reflex-frp,is-used-in-field,web-development
reflex-frp,provides-functionality,cross-platform
reflex-frp,works-with,haskell
remarkable-tablet,is-a,device
replit,has-property,online
replit,is-a,ide
rest-api,has-property,cacheability
rest-api,has-property,client-server-architecture
rest-api,has-property,flexibility
rest-api,has-property,layered-architecture
rest-api,has-property,uri-standard
rest-api,is-a,protocol
rest-api,is-used-in-field,web
rest-api,provides-functionality,communication
rest-api,works-with,http
rest-api,works-with,https
rest-api,works-with,internet
reverse-engineering,is-a,process
reverse-engineering,is-used-in-field,software-development-process
riot-os,has-property,free
riot-os,has-property,open-source
riot-os,is-a,operating-system
riot-os,is-used-in-field,iot
robotframework,has-license,apache-license
robotframework,has-property,open-source
robotframework,is-a,framework
robotframework,is-used-in-field,devops
robotframework,is-used-in-field,software-development-process
robotframework,provides-functionality,automation
robotframework,provides-functionality,cicd
robotframework,provides-functionality,robotic-process-automation
robotframework,provides-functionality,testing
robotframework,works-with,python
robotics,is-a,field
robotics,overlaps-with,ai
robotics,overlaps-with,electrical-engineering
robotics,overlaps-with,electronics
robotics,provides-functionality,operating
robotics,works-with,robot
rocket,is-a,framework
rocket,is-used-in-field,web-development
rocket,works-with,rust
rockset,is-a,service
rockset,provides-functionality,real-time
rockset,provides-product,database
roomba,is-a,device
roomba,is-a,robot
roomba,provided-by,irobot
rpc,is-a,protocol
rpc,provides-functionality,communication
rss,is-a,standard
rss,is-used-in-field,web-development
rss,provides-functionality,communication
ruby,is-a,programming-language
rust,is-a,programming-language
saas,is-a,as-a-service
saas,works-with,iaas
sailfishos,is-a,operating-system
sailfishos,is-based-on,linux
sailfishos,is-used-in-field,mobile
sailfishos,works-with,cpp
sailfishos,works-with,python
sailfishos,works-with,rust
saltstack,is-a,tool
saltstack,is-focused-on,configuration
saltstack,provides-functionality,management
sanitization,is-a,process
sanitization,provides-functionality,data-cleaning
sanitization,works-with,user-input
sass,is-a,style-sheet-language
sass,is-used-in-field,web-development
sass,provides-functionality,frontend
sass,works-with,css
sbml,is-a,file-format
sbml,is-a,markup-language
sbml,is-based-on,xml
sbml,is-used-in-field,biology
sbml,is-used-in-field,scientific
sbml,works-with,xml
scala,is-a,programming-language
scambaiting,is-a,process
scambaiting,provides-functionality,security
scikit,is-a,package
scikit,works-with,scipy
scikit-learn,has-license,bsd-license
scikit-learn,has-property,cross-platform
scikit-learn,is-a,library
scikit-learn,is-used-in-field,ai
scikit-learn,is-used-in-field,machine-learning
scikit-learn,works-with,numpy
scikit-learn,works-with,python
scikit-learn,works-with,scipy
scipy,is-a,ecosystem
scipy,is-based-on,python
scipy,provides-functionality,engineering
scipy,provides-functionality,mathematics
scipy,provides-functionality,science
sciter,is-a,framework
sciter,is-based-on,css
sciter,is-based-on,html
sciter,is-based-on,tiscript
sciter,provides-functionality,user-interface
sciter,works-with,desktop
sdk,is-a,tool
sdk,provides-functionality,compiler
sdk,provides-functionality,debugging
sdk,provides-product,library
sdn,is-a,architecture
sdn,is-focused-on,decoupling
sdn,is-used-in-field,network
sdn,provides-functionality,virtualization
security,is-a,scientific
security,provides-functionality,protection
security,works-with,cryptography
security,works-with,encryption
server,is-a,device
server,is-a,program
server,works-with,client
serverless,is-a,architecture
serverless,is-a,software-architecture-pattern
serverless,is-used-in-field,cloud-computing
serverless,is-used-in-field,network
serverless,is-used-in-field,web-development
service-fabric,has-property,distribution
service-fabric,is-a,platform
service-fabric,works-with,cloud-computing
service-fabric,works-with,datacenter
service-fabric,works-with,linux
service-fabric,works-with,windows
sharex,has-property,free
sharex,has-property,open-source
sharex,is-a,tool
sharex,provides-functionality,file-sharing
shell,is-a,tool
shell,provides-functionality,execution
shell,works-with,bash
shell,works-with,cli
sitecore,is-a,company
sitecore,provides-functionality,automation
sitecore,provides-functionality,content-management
sitecore,provides-functionality,marketing
sketch,is-a,tool
sketch,is-used-in-field,mobile
sketch,is-used-in-field,web-development
sketch,provides-functionality,graphics
sketch,provides-functionality,user-experience
sketch,provides-functionality,user-interface
sketch,works-with,macos
social-media,is-subset-of,social-network
social-media,is-used-in-field,communication
social-media,is-used-in-field,sharing
socket-io,is-a,library
socket-io,is-based-on,javascript
socket-io,is-focused-on,real-time
socket-io,is-used-in-field,web-development
socket-io,provides-functionality,communication
source-available-license,is-a,license
spacevim,is-a,text-editor
spacevim,is-used-in-field,software-development
spark,has-property,open-source
spark,is-a,framework
spark,provides-functionality,cluster-computing
spark,works-with,bigdata
spring,has-property,lightweight
spring,is-a,framework
spring,is-based-on,java
spring,is-focused-on,cross-platform
spring,is-used-in-field,application
spring-boot,has-property,lightweight
spring-boot,has-property,open-source
spring-boot,is-a,framework
spring-boot,is-used-in-field,mobile
spring-boot,is-used-in-field,web-development
spring-boot,provides-functionality,backend
spring-boot,provides-functionality,microservice
spring-boot,works-with,java
spring-boot,works-with,maven
sql,is-a,query-language
sql,is-used-in-field,database
sql-server,is-a,dbms
sql-server,is-used-in-field,database
sql-server,provides-functionality,relational
sql-server,works-with,sql
sqlite,is-a,dbms
sqlite,is-used-in-field,database
sqlite,provides-functionality,relational
ss13,is-a,application
ss13,is-a,game
ss13,is-used-in-field,entertainment
ss13,provides-functionality,entertainment
ss13,works-with,byond
ss13,works-with,linux
ss13,works-with,windows
standard-ml,is-a,programming-language
statistical-analysis,is-subset-of,mathematics
steam,is-a,service
steam,is-used-in-field,game
stimulus,is-a,framework
stimulus,is-based-on,javascript
stimulus,works-with,html
storybook,is-a,environment
storybook,is-a,tool
storybook,is-used-in-field,design
storybook,is-used-in-field,mobile
storybook,is-used-in-field,web-development
storybook,provides-functionality,frontend
storybook,provides-functionality,testing
storybook,provides-functionality,user-experience
storybook,provides-functionality,user-interface
storybook,provides-functionality,virtualization
styled-components,is-a,library
styled-components,is-used-in-field,desktop
styled-components,is-used-in-field,mobile
styled-components,is-used-in-field,web-development
styled-components,provides-functionality,user-experience
styled-components,provides-functionality,user-interface
styled-components,works-with,javascript
sublime-text,is-a,text-editor
sublime-text,is-used-in-field,software-development
supabase,has-property,open-source
support,is-a,process
svelte,has-license,mit-license
svelte,is-a,framework
svelte,is-used-in-field,mobile
svelte,is-used-in-field,web-development
svelte,provides-functionality,frontend
svelte,provides-functionality,user-experience
svelte,provides-functionality,user-interface
svelte,works-with,javascript
svelte,works-with,typescript
swift,is-a,programming-language
swiftui,is-used-in-field,mobile
swiftui,provides-functionality,user-interface
swiftui,works-with,ios
symfony,has-license,mit-license
symfony,has-property,cross-platform
symfony,has-property,free
symfony,is-a,framework
symfony,is-used-in-field,web-development
symfony,maintained-by,sensiolabs-sas
symfony,provides-functionality,backend
symfony,works-with,php
synthetic-biology,is-a,field
synthetic-biology,is-used-in-field,scientific
synthetic-biology,works-with,bioinformatics
synthetic-biology,works-with,biology
synthetic-biology,works-with,chemistry
synthetic-biology,works-with,mathematics
synthetic-biology,works-with,opencv
tailwind,is-a,framework
tailwind,is-used-in-field,web-development
tailwind,provides-functionality,user-experience
tailwind,provides-functionality,user-interface
tailwind,works-with,css
tailwind,works-with,html
tailwind,works-with,javascript
tbox,has-property,cross-platform
tbox,is-a,library
tbox,works-with,c
teeworlds,is-a,application
teeworlds,is-a,game
teeworlds,is-used-in-field,entertainment
telegram,is-a,application
telegram,is-used-in-field,chat
telegram,provides-functionality,communication
telegram,works-with,android
telegram,works-with,ios
telegram,works-with,windows
tensorflow,is-a,library
tensorflow,is-used-in-field,ai
tensorflow,is-used-in-field,deep-learning
tensorflow,works-with,cpp
tensorflow,works-with,python
terminal,is-a,interface
terminal,is-a,tool
terminal,provides-functionality,execution
terminal,works-with,linux
terminal,works-with,macos
terminal,works-with,operating-system
terraform,has-license,mozilla-public-license
terraform,has-property,open-source
terraform,is-a,infrastructure
terraform,is-a,tool
terraform,is-used-in-field,data-management
terraform,provides-functionality,automation
terraform,provides-functionality,management
terraform,works-with,aws
terraform,works-with,go
terraform,works-with,json
terraform,works-with,linux
testing,is-a,process
testing,is-used-in-field,software-development-process
testing,provides-functionality,code-quality
testing,provides-functionality,debugging
tex,is-a,word-processor
thelounge,has-property,cross-platform
thelounge,is-a,application
thelounge,is-used-in-field,chat
thelounge,is-used-in-field,messaging
thelounge,works-with,browser
thelounge,works-with,javascript
thelounge,works-with,nodejs
threejs,is-a,api
threejs,is-a,library
threejs,is-used-in-field,web-development
threejs,provides-functionality,3d
threejs,provides-functionality,graphics
threejs,works-with,javascript
tic-80,is-a,computer
tic-80,is-a,fantasy-console
tic-80,is-used-in-field,game-development
tracker-blocker,provides-functionality,blocking
tuya,is-a,platform
tuya,is-used-in-field,iot
twitch,is-a,platform
twitch,is-used-in-field,game-development
twitch,provides-functionality,streaming
twitter,has-property,free
twitter,is-a,application
twitter,is-a,social-media
twitter,is-used-in-field,social-network
typescript,is-a,programming-language
ubuntu,has-property,foss
ubuntu,has-property,open-source
ubuntu,is-a,operating-system
ubuntu,is-based-on,linux
ubuntu,maintained-by,canonical-ltd
ubuntu,works-with,cpp
ubuntu,works-with,python
umbraco,has-license,mit-license
umbraco,has-property,open-source
umbraco,is-a,cms
umbraco,is-used-in-field,user-experience
umbraco,is-used-in-field,user-interface
umbraco,is-used-in-field,web-development
umbraco,provides-functionality,management
umbraco,works-with,aspnet
umbraco,works-with,sql
unigine,is-a,game-engine
unigine,is-used-in-field,game-development
unigine,is-used-in-field,simulation
unigine,works-with,cpp
unigine,works-with,csharp
unigine,works-with,directx
unigine,works-with,opengl
unity,is-a,game-engine
unity,is-used-in-field,game-development
unity,provides-functionality,2d
unity,provides-functionality,3d
unity,provides-functionality,android
unity,provides-functionality,html
unity,provides-functionality,ios
unity,provides-functionality,linux
unity,provides-functionality,macos
unity,provides-functionality,windows
university-of-texas-arlington,is-a,organization
university-of-texas-arlington,is-used-in-field,education
unreal-engine,is-a,game-engine
unreal-engine,is-used-in-field,game-design
unreal-engine,is-used-in-field,game-development
unreal-engine,is-used-in-field,virtual-reality
unreal-engine,provides-functionality,2d
unreal-engine,provides-functionality,3d
unreal-engine,provides-functionality,android
unreal-engine,provides-functionality,augmented-reality
unreal-engine,provides-functionality,ios
unreal-engine,provides-functionality,linux
unreal-engine,provides-functionality,macos
unreal-engine,provides-functionality,real-time
unreal-engine,provides-functionality,windows
unreal-engine,works-with,cpp
uportal,has-property,open-source
uportal,is-a,framework
uportal,is-used-in-field,education
uportal,is-used-in-field,research
uportal,maintained-by,apereo
uportal,provides-functionality,portal
uportal,works-with,java
uportal,works-with,xml
user-experience,is-subset-of,ui-ux
user-experience,provides-functionality,design
user-experience,works-with,user-interface
user-interface,is-subset-of,interface
user-interface,is-subset-of,ui-ux
userscript,is-a,addon
userscript,is-used-in-field,browser
uwp,is-a,api
uwp,is-a,platform
uwp,is-used-in-field,software-development
uwp,is-used-in-field,software-development-process
uwp,provides-functionality,app-development
uwp,provides-functionality,universal-application
uwp,works-with,windows
v,is-a,programming-language
vagrant,is-a,tool
vagrant,is-used-in-field,system-administration
vagrant,provides-functionality,automation
vagrant,provides-functionality,virtualization
vala,is-a,programming-language
vala,works-with,gnome
vanilla-js,is-a,programming-language
vcs,provides-functionality,tracking
vercel,is-a,tool
vercel,is-used-in-field,frontend
vercel,is-used-in-field,web-development
vercel,is-used-in-field,workflow
vercel,provides-functionality,frontend
vercel,works-with,cloud-computing
vertx,has-property,cross-platform
vertx,is-a,framework
vertx,is-a,tool
vertx,is-used-in-field,web-development
vertx,provides-functionality,app-development
vertx,works-with,eclipse
vertx,works-with,java
vertx,works-with,jvm
vim,is-a,text-editor
vim,is-used-in-field,software-development
virtual-reality,is-a,environment
virtual-reality,is-a,field
virtual-reality,is-a,runtime-environment
virtual-reality,is-used-in-field,education
virtual-reality,is-used-in-field,entertainment
virtual-reality,overlaps-with,haptic-technology
virtual-reality,works-with,simulation
visual-basic,is-a,programming-language
visual-studio-code,is-a,text-editor
visual-studio-code,is-used-in-field,software-development
viur,is-a,framework
viur,is-a,information-system
viur,is-used-in-field,software-development
viur,is-used-in-field,software-development-process
viur,provides-functionality,agile
viur,works-with,google
viur,works-with,python
vk,is-a,social-media
vue,has-license,mit-license
vue,has-property,open-source
vue,is-a,framework
vue,is-used-in-field,web-development
vue,provides-functionality,frontend
vue,provides-functionality,mvvm
vue,provides-functionality,web-page
vue,works-with,javascript
vue,works-with,typescript
wagtail,is-a,cms
wagtail,works-with,python
web,is-a,information-system
web,works-with,internet
web-assembly,has-license,apache-license
web-assembly,has-property,multi-language
web-assembly,has-property,pre-compiled
web-assembly,has-property,static
web-assembly,is-a,parsing
web-assembly,is-a,programming-language
web-assembly,provided-by,apple
web-assembly,provided-by,google
web-assembly,provided-by,microsoft
web-assembly,provided-by,mozilla
web-assembly,provided-by,w3c
web-components,is-used-in-field,frontend
web-components,provides-functionality,reusability
web-components,works-with,html
web-components,works-with,shadow-dom
web-development,is-a,field
web-monetization,is-a,api
web-monetization,is-used-in-field,browser
web-monetization,works-with,javascript
webapp,is-a,application
webapp,is-a,website
webapp,works-with,browser
webapp,works-with,http
webauthn,is-a,api
webauthn,is-a,protocol
webauthn,is-used-in-field,security
webauthn,is-used-in-field,web-development
webauthn,provides-functionality,authentication
webextension,has-property,cross-platform
webextension,is-a,addon
webextension,is-a,protocol
webextension,is-used-in-field,browser
webextension,works-with,browser
webpack,is-a,bundler
webpack,is-a,tool
webpack,is-used-in-field,user-experience
webpack,is-used-in-field,web-development
webpack,provides-functionality,frontend
webpack,works-with,css
webpack,works-with,javascript
webpack,works-with,nodejs
website,works-with,browser
windows,is-a,operating-system
winforms,is-a,framework
winforms,is-used-in-field,desktop
winforms,provides-functionality,user-experience
winforms,provides-functionality,user-interface
winforms,works-with,dotnet
wordplate,is-a,cms
wordplate,is-used-in-field,web-development
wordplate,provides-functionality,frontend
wordplate,works-with,php
wordplate,works-with,wordpress
wordpress,is-a,cms
wordpress,is-based-on,php
wordpress,is-used-in-field,web-development
wordpress,provides-functionality,frontend
wordpress,provides-functionality,web-page
wordpress,provides-functionality,website
wordpress,works-with,mysql
wordpress,works-with,php
wpf,has-property,gui
wpf,has-property,open-source
wpf,is-a,framework
wpf,is-used-in-field,desktop
wpf,provides-functionality,user-experience
wpf,provides-functionality,user-interface
wpf,works-with,c
wpf,works-with,cpp
wpf,works-with,csharp
wpf,works-with,directx
wpf,works-with,dotnet
wsl,is-a,virtual-machine
wsl,provides-functionality,linux
wsl,works-with,windows
xamarin,is-a,platform
xamarin,is-used-in-field,desktop
xamarin,is-used-in-field,mobile
xamarin,provides-functionality,frontend
xamarin,works-with,android
xamarin,works-with,dotnet
xamarin,works-with,ios
xamarin,works-with,windows
xcode,is-a,ide
xcode,is-used-in-field,software-development
xcode,works-with,macos
xmake,is-a,tool
xmake,is-based-on,lua
xmake,is-used-in-field,software-development-process
xmake,provides-functionality,automation
xmake,works-with,lua
xml,is-a,file-format
xml,is-a,markup-language
xml,is-subset-of,standard-generalized-markup-language(sgml)
xml,is-used-in-field,semantic-web
xml,maintained-by,w3c
yaml,is-a,file-format
yaml,provides-functionality,configuration
yaml,provides-functionality,serialization
yii,is-a,framework
yii,is-used-in-field,web-development
yii,provides-functionality,backend
yii,works-with,php
zeit,is-a,organization
zeit,is-a,service-provider
zeit,is-used-in-field,cloud-computing
zeit,provides-functionality,cloud-computing
zeplin,is-a,tool
zeplin,is-used-in-field,software-development-process
zeplin,provides-functionality,collaboration
zeplin,provides-functionality,user-experience
zeplin,provides-functionality,user-interface
zeronet,is-a,network
zeronet,is-a,protocol
zeronet,provides-functionality,file-sharing
zeronet,works-with,blockchain
zig,is-a,programming-language
zsh,is-a,cli